N,Z,A,True_BE_MeV,MISR_Pred_MeV,MISR_Error,Base_SR_Pred_MeV,Base_SR_Error
39,41,80,652.08,654.3729859797917,-2.292985979791638,651.451545079872,0.6284549201280925
25,18,43,364.9942426,366.4538621841942,-1.4596195841941721,366.4788234106038,-1.484580810603802
49,49,98,806.54,808.1194467783686,-1.579446778368606,807.1906352379075,-0.6506352379075224
28,30,58,486.9649086,483.45754186335006,3.507366736649942,486.5792666870694,0.3856419129306232
38,30,68,595.386376,586.2956643616781,9.090711638321977,596.5467409575477,-1.1603649575476993
64,36,100,813.4,811.5536856943706,1.8463143056293347,814.3331075678224,-0.9331075678223897
47,39,86,742.9049198,743.7995233339035,-0.8946035339034779,743.3202467799357,-0.4153269799356849
56,38,94,807.8204336,806.1117474686196,1.708686131380432,805.7074635053107,2.112970094689331
29,12,41,263.425,192.86359017687718,70.56140982312283,263.00365188591695,0.4213481140830595
16,18,34,278.7208616,275.4726912008473,3.2481703991526842,278.04864500194236,0.6722165980576165
38,25,63,535.8214260000001,534.0507994279794,1.7706265720206602,535.9030923858826,-0.08166638588249953
49,30,79,667.5960175000001,662.7973749787753,4.798642521224792,666.9648557673198,0.6311617326803116
55,48,103,874.4447341,877.4706306749679,-3.0258965749678737,873.7426945632108,0.7020395367892434
20,21,41,343.1371139,342.0972156875832,1.0398982124168015,344.15250734836127,-1.0153934483612943
33,31,64,551.1444288,545.377679714151,5.766749085849028,551.018587243668,0.1258415563320341
10,12,22,168.58081900000002,169.2438586254647,-0.6630396254646769,169.6113128032586,-1.0304938032585937
45,27,72,600.336,597.3073919294704,3.0286080705295717,600.6877459443109,-0.3517459443108919
51,33,84,718.026834,715.6638141961828,2.363019803817224,716.8465378596611,1.1802961403388963
30,29,59,509.8781593,501.4074021832402,8.470757116759785,509.6715707288512,0.20658857114881357
49,32,81,695.0333547,691.031650324523,4.001704375477061,694.3457668505251,0.6875878494748804
51,45,96,819.328656,822.677540863192,-3.3488848631919836,818.4639388621026,0.8647171378974008
32,15,47,338.823,342.62804661401674,-3.80504661401676,335.27311696451403,3.549883035485948
70,44,114,955.9282014,957.7276153660886,-1.7994139660885367,956.0412026509186,-0.11300125091861446
43,44,87,713.487,720.0548555235644,-6.56785552356439,714.0644412271546,-0.5774412271546225
56,37,93,794.3056436999999,793.8529272901836,0.4527164098162757,792.6763060814915,1.6293376185084298
40,26,66,562.4338170000001,558.0344361221576,4.399380877842532,563.7829459832983,-1.3491289832982147
74,45,119,988.1040407,989.4042130116794,-1.3001723116793755,988.0959915843573,0.00804911564273425
21,25,46,364.139703,371.3012346575742,-7.161531657574187,364.5661478898442,-0.4264448898442197
53,40,93,806.4607250999999,805.4329593981785,1.0277657018214086,804.4380126375305,2.0227124624693715
30,28,58,506.4596018,493.70408897650196,12.755512823498009,506.21485593601653,0.24474586398343945
30,17,47,375.624,384.0230320762253,-8.399032076225296,374.7062959777276,0.9177040222724031
31,17,48,378.384,389.8908304599281,-11.506830459928096,376.69476524686894,1.6892347531310747
47,29,76,641.7137368000001,636.2143772695022,5.499359530497941,641.3718385324056,0.3418982675945017
58,37,95,803.7186865000001,804.4515680079762,-0.7328815079761171,803.0716654586655,0.6470210413345967
11,12,23,181.7258267,182.667021949485,-0.9411952494849913,182.67042730299877,-0.9446006029987757
14,16,30,243.681243,237.65577554554125,6.025467454458749,243.01747055788786,0.6637724421121334
61,39,100,843.94151,846.8362488778499,-2.8947388778499317,843.6746891860864,0.2668208139135686
45,38,83,716.9878308,715.7418526456894,1.245978154310592,717.0922041557792,-0.10437335577921658
14,13,27,224.9519391,223.2199380284882,1.732001071511803,225.5242162782806,-0.5722771782805864
82,49,131,1087.0320264000002,1083.2915685806527,3.7404578193475118,1084.3850174306858,2.6470089693143564
35,19,54,426.114,437.34616538458255,-11.232165384582572,424.9585900683885,1.155409931611473
52,46,98,836.3221902,837.3108064760172,-0.9886162760171828,835.1582775336038,1.163912666396186
35,22,57,477.2553456,477.59698979307007,-0.3416441930700671,477.84948307161613,-0.5941374716161363
24,27,51,417.8559999,417.97723289071916,-0.12123299071919291,417.0753012960408,0.7806986039591948
27,15,42,326.1683124,342.10656589534386,-15.938253495343872,326.63587977946924,-0.4675673794692443
69,44,113,949.5034841,952.7811538791676,-3.2776697791675815,949.3664863871765,0.13699771282358597
28,22,50,437.786135,431.88004077058764,5.906094229412361,436.45067616698236,1.3354588330176398
36,28,64,561.7576768,550.7158752924859,11.041801507514151,562.8672006377876,-1.1095238377876058
68,46,114,967.6326384,971.3289668277271,-3.696328427727053,968.569941364029,-0.9373029640289587
17,17,34,285.56500040000003,284.76805858228846,0.7969418177115699,285.26185602538766,0.30314437461237276
26,20,46,398.7733008,393.02508678988477,5.748214010115248,399.18173491647497,-0.4084341164749503
16,23,39,274.209,280.418540173305,-6.209540173305015,274.2014361167859,0.00756388321411805
37,39,76,621.148,622.0164367675425,-0.8684367675424483,621.0955442082228,0.05245579177721993
59,39,98,832.7663876,836.0818534102661,-3.3154658102661188,832.4317143277842,0.33467327221580945
40,21,61,475.434,498.38678056258726,-22.952780562587236,476.1877200885151,-0.753720088515081
58,35,93,776.1406698,774.9867044173828,1.1539653826171161,775.8130278122787,0.327641987721222
60,45,105,900.1340564999999,904.0507208338186,-3.9166643338186304,900.4796431238402,-0.3455866238402905
30,35,65,513.76,525.2830261357059,-11.52302613570589,514.7503909320886,-0.9903909320886441
78,46,124,1023.248,1019.3294245012514,3.9185754987486234,1022.7492782791364,0.4987217208636139
26,19,45,384.9603615,384.82828366648437,0.1320778335156092,385.9493686782982,-0.989007178298209
35,31,66,572.1779646000001,566.1034623271717,6.074502272828454,572.4742319858316,-0.29626738583147016
27,22,49,426.8469625,423.02561039404094,3.821352105959079,426.5435551485842,0.3034073514158422
72,42,114,936.966,935.7025260940726,1.2634739059274125,937.1996525510915,-0.2336525510914953
48,26,74,597.624,601.8212462089605,-4.1972462089604505,596.8937542918368,0.7302457081632383
46,27,73,606.046,601.8585655369914,4.187434463008685,605.9664098686611,0.07959013133893222
53,43,96,827.0272608,829.0408534583675,-2.013592658367429,826.0897447909757,0.9375160090243071
63,45,108,921.5278956,926.9544124998474,-5.426516899847456,922.3122289979592,-0.7843333979592444
18,13,31,254.991058,259.8034440809429,-4.812386080942872,255.42095534105593,-0.4298973410559199
14,18,32,246.4002848,244.34242913595156,2.0578556640484464,244.63074289028538,1.7695419097146328
9,14,23,150.742,149.49786765774093,1.2441323422590642,150.48767822193048,0.2543217780695102
64,43,107,908.7400753,912.323525844576,-3.583450544576067,909.0391420694643,-0.2990667694643889
22,22,44,375.4749460000001,371.57325024259103,3.9016957574090725,376.9680794869706,-1.493133486970521
54,37,91,783.2881510999999,781.969139518891,1.3190115811089527,781.5178863311801,1.7702647688198567
46,48,94,761.588,764.0163991094598,-2.4283991094598605,760.8967932821081,0.6912067178918733
57,43,100,859.51184,862.7910892333409,-3.27924923334092,859.2660269868051,0.24581301319494742
59,37,96,807.2540448000001,809.2360161742566,-1.9819713742565455,806.9903601710389,0.2636846289611867
34,36,70,577.92,578.2260212860766,-0.3060212860766569,577.9854668770046,-0.06546687700461007
30,26,56,492.2599527999999,481.8551551448097,10.40479765519018,490.56557903511833,1.6943737648815613
13,17,30,224.165094,224.62909438806352,-0.4640003880635106,223.49055900438321,0.6745349956167956
36,21,57,465.0154962,467.74271114625674,-2.7272149462567654,465.0919861074407,-0.07648990744070261
39,39,78,651.222,648.2527710197248,2.9692289802751475,651.708619465979,-0.4866194659790608
56,34,90,755.619048,751.6550049430625,3.9640430569374985,754.6867026674128,0.9323453325872606
44,36,80,695.434408,690.7999601710478,4.634447828952148,695.60278213548,-0.16837413548000768
53,44,97,834.6151503,835.8198405625621,-1.204690262562167,833.1273080347048,1.4878422652951713
21,17,38,323.2083046,326.23002121628065,-3.021716616280628,323.8020645259801,-0.5937599259800663
28,32,60,486.78,490.9197422551945,-4.139742255194506,486.7534324012445,0.026567598755491417
80,45,125,1015.5,1009.2411354772993,6.258864522700719,1016.1530573544633,-0.6530573544632716
39,25,64,539.9947199999999,539.6837543688516,0.31096563114829223,540.0774210606204,-0.08270106062047944
39,21,60,472.38,486.6742189828301,-14.294218982830103,472.83830723496385,-0.45830723496385417
35,36,71,591.2263009999999,590.4353645004713,0.7909364995285841,591.5809184911872,-0.3546174911872413
18,18,36,306.7167456,302.68619657806624,4.03054902193378,306.0071113575174,0.7096342424826503
18,14,32,271.407008,271.65073695449814,-0.24372895449812404,270.0698180045235,1.3371899954765354
77,43,120,969.96,967.0470429634001,2.9129570365998916,970.3699653053174,-0.40996530531731423
74,44,118,975.034,974.1645971316793,0.8694028683206625,975.3992939722924,-0.3652939722924202
42,41,83,695.4560787,696.7444157606092,-1.2883370606091376,695.515696390589,-0.059617690588993355
36,19,55,428.56,447.4915684869075,-18.93156848690751,427.88381540668024,0.6761845933197606
60,36,96,799.7637216,798.2761725780227,1.4875490219773155,799.8038822553159,-0.04016065531584445
30,21,51,438.4582863,435.7143115856148,2.7439747143852173,437.5154680020731,0.9428182979269195
69,43,112,935.6056304,939.2285839094737,-3.6229535094737457,935.4523634995104,0.1532669004895979
30,27,57,498.2874165,488.7186937600334,9.568722739966631,497.0318681152983,1.255548384701683
41,26,67,566.1457053,563.6089390016502,2.5367662983497894,566.9117402859816,-0.7660349859816051
55,36,91,777.2994228999999,775.4804431368763,1.8189797631235933,775.24740816116,2.05201473883983
28,27,55,476.829122,468.27874416611775,8.550377833882237,475.921289454286,0.9078325457139726
34,22,56,474.205172,472.2715546745088,1.9336173254911841,475.3020908281849,-1.0969188281848687
21,28,49,365.05,377.5591107587876,-12.509110758787585,364.3987796742942,0.6512203257058218
49,47,96,802.5878688,806.7949139537828,-4.207045153782815,803.0039079201689,-0.41603912016887534
17,12,29,235.2924193,238.62599161939895,-3.3335723193989395,235.11587042775867,0.17654887224134086
43,23,66,521.004,537.5866295661273,-16.582629566127252,521.9162470413324,-0.9122470413324208
46,43,89,752.1012462000001,755.8105019144585,-3.709255714458436,751.5368004016842,0.5644457983158873
41,31,72,625.4704295999999,620.6938914108928,4.7765381891071,626.8793814554416,-1.4089518554417282
32,21,53,450.1201225,447.6967236084252,2.4233988915747773,448.517237545142,1.6028849548579842
51,46,97,824.7357391,827.2533191149095,-2.517580014909413,823.7929270521823,0.9428120478177107
35,17,52,384.072,427.0109307756749,-42.93893077567492,383.1336566689778,0.9383433310222244
38,31,69,601.9960061999999,594.7375515608023,7.258454639197566,602.7630508463618,-0.76704464636191
50,47,97,817.0515737000001,818.5244036118758,-1.4728299118756922,817.2464519479788,-0.19487824797874964
37,19,56,429.128,455.4441230686448,-26.3161230686448,429.04216256757707,0.0858374324229203
57,37,94,798.3198536,799.3202522378477,-1.000398637847752,797.0163649321001,1.3034886678998419
74,46,120,1002.8498040000002,1003.7838206781419,-0.9340166781416883,1003.0550949929535,-0.20529099295333708
22,16,38,321.0537502,323.71754460320307,-2.663794403203042,322.9317419495863,-1.877991749586272
44,31,75,649.5567374999999,643.8557882473486,5.700949252651299,649.6897505473751,-0.13301304737512964
62,43,105,896.1337770000001,899.571245371697,-3.437468371696923,896.3709636915553,-0.23718669155516636
25,20,45,388.3746015,384.5806224534895,3.793979046510458,389.86892635083524,-1.4943248508352553
39,40,79,653.093,651.0559490586879,2.0370509413120317,653.0621044674522,0.030895532547788207
36,26,62,538.9587521999999,532.0605622624452,6.8981899375547755,539.7133994329879,-0.7546472329879634
38,22,60,489.167148,491.8336177631985,-2.6664697631985064,492.2794938954344,-3.11234589543443
67,44,111,938.2783601999998,941.8872887461769,-3.608928546177026,938.2052045613494,0.07315563865040531
25,17,42,350.5272288,355.2474870362395,-4.720258236239488,351.94331845808955,-1.416089658089561
62,49,111,945.9733464,951.9933056421319,-6.019959242131904,945.9431364041262,0.030209995873747175
69,39,108,877.932,877.7931960490199,0.13880395098010467,877.0978203005102,0.8341796994898232
49,37,86,747.9335204,746.449886887878,1.483633512121969,746.413153742874,1.5203666571260328
20,17,37,317.1004192,316.67190364453745,0.42851555546252484,316.66906383529295,0.43135536470703073
45,37,82,709.0890549999999,708.4321846920799,0.6568703079200304,709.8332629016568,-0.7442079016568641
54,29,83,667.652,670.4750911676588,-2.823091167658731,667.9753904668281,-0.32339046682807293
52,41,93,805.7691957000001,805.6138659758182,0.15532972418191093,804.9322655536223,0.8369301463777674
41,29,70,605.280585,600.0407783373164,5.239806662683577,606.1292141853103,-0.8486291853103012
72,43,115,950.36,951.5318062645882,-1.1718062645882128,950.5438062635891,-0.18380626358907648
44,39,83,711.6135393000001,711.1808690247444,0.4326702752556457,711.0878219054231,0.5257173945769864
53,33,86,727.278049,724.2694649390468,3.0085840609532397,725.9257045766175,1.352344423382533
22,12,34,256.7133246,263.91129415390384,-7.1979695539038175,258.086281588531,-1.372956988530973
35,20,55,446.92593,449.3248074433345,-2.398877443334527,446.2554082094224,0.6705217905775953
30,25,55,482.0763585,474.5013340594951,7.575024440504933,480.288511754767,1.7878467452330256
55,41,96,828.3731328,829.6571762024713,-1.2840434024712977,826.8618897981926,1.5112430018074292
27,16,43,346.7445868,355.46943311627547,-8.724846316275489,346.77152128742193,-0.026934487421954145
62,45,107,915.289128,919.587075059208,-4.297947059208013,915.8399623581178,-0.5508343581177542
23,20,43,369.8286079,366.25008321017026,3.5785246898297487,372.0096479396851,-2.181040039685115
17,15,32,270.85184960000004,270.717835241566,0.13401435843405807,269.63475504659493,1.2170945534051043
32,20,52,438.3278692,433.7385747172282,4.589294482771834,435.56693926092623,2.760929939073776
44,30,74,639.5638478,632.1054229386398,7.458424861360186,640.0988720974873,-0.5350242974873254
46,28,74,624.042,616.3488402748637,7.693159725136297,624.4601866445042,-0.4181866445042033
51,39,90,782.404002,781.5011839588436,0.9028180411563653,779.3965762226541,3.0074257773459294
65,45,110,935.468061,940.8510985233343,-5.383037523334224,936.0499093848247,-0.5818483848246387
26,13,39,283.14,302.54049173332,-19.400491733319996,284.52432319759833,-1.3843231975983485
44,24,68,545.768,553.5696073835106,-7.8016073835106,546.3626264001774,-0.5946264001773898
13,15,28,221.4095576,219.585157490186,1.8244001098140075,221.78615644760114,-0.37659884760114437
42,25,67,554.827,554.9512254546604,-0.12422545466040447,554.8119220924348,0.015077907565228088
45,46,91,744.653,750.970780868567,-6.317780868566956,744.945479159458,-0.2924791594580256
49,31,80,680.6763599999999,677.4292194846623,3.2471405153376054,679.8128808171656,0.8634791828343396
15,21,36,257.976,265.76552899277976,-7.789528992779765,257.0076720578269,0.9683279421731186
25,14,39,301.5081927,314.2254647717985,-12.717272071798504,301.9748988771106,-0.46670617711060913
36,18,54,409.212,435.5662383464638,-26.35423834646383,410.32136236843337,-1.1093623684333807
25,24,49,422.0506073,415.80364642790414,6.246960872095883,421.3100258643427,0.7405814356573046
65,37,102,831.5799185999999,831.227818164987,0.3521004350129715,831.4614048227792,0.1185137772207554
50,41,91,789.0517453000001,787.3137226408035,1.7380226591966448,788.5085688558826,0.5431764441175346
63,46,109,931.3921925,936.4351256887032,-5.042933188703273,932.3982619175166,-1.0060694175166418
15,19,34,260.78,263.9427384617248,-3.162738461724814,258.5024807782489,2.2775192217510494
41,28,69,594.9938861999999,588.370422093553,6.6234641064469315,596.9039033994176,-1.9100171994176662
17,23,40,292.4,300.95185503777526,-8.551855037775283,293.18473467980965,-0.7847346798096737
20,20,40,342.052184,335.8027344716882,6.2494495283118,341.12408940694803,0.9280945930519806
39,23,62,507.640903,511.5179631360672,-3.8770601360672003,508.7162572767633,-1.0753542767633348
49,39,88,764.0634848,763.9781075198164,0.08537728018359303,762.4130500805247,1.6504347194752427
49,34,83,718.660148,715.4678272614958,3.192320738504236,718.4859241194334,0.17422388056661475
55,33,88,734.888,732.1925481802143,2.695451819785717,733.8255495094647,1.0624504905352978
37,26,63,543.7876437,539.1379799638888,4.649663736111165,544.2671357600289,-0.4794920600288606
64,37,101,828.8237053,828.1391651856293,0.6845401143707477,828.9679115495056,-0.14420624950560068
36,25,61,524.5338576999999,521.5042944959276,3.0295632040722467,524.4918241107871,0.04203358921279232
88,50,138,1120.284,1110.3543818619705,9.929618138029582,1120.710754814657,-0.42675481465698795
66,48,114,972.592539,977.4606757262032,-4.868136726203261,974.6106526165613,-2.0181136165613225
54,35,89,759.2394377999999,757.0021775153022,2.2372602846977543,757.7197251784233,1.5197126215765593
65,49,114,970.3650588000002,978.1042179073362,-7.739159107336036,970.5298865608512,-0.16482776085103978
21,26,47,366.13,374.07848623482846,-7.948486234828465,366.08352343251636,0.046476567483637155
35,30,65,567.07729,559.0419362919647,8.035353708035245,568.0007364452234,-0.9234464452234761
52,49,101,845.413026,846.1859297851094,-0.7729037851094063,845.0444236730378,0.3686023269621046
33,18,51,404.022,413.2445811138477,-9.222581113847696,401.8413004147175,2.1806995852824684
31,23,54,467.7554628,464.80561431658924,2.949848483410733,467.2256597001372,0.529803099862761
39,20,59,454.772,483.37090012356407,-28.59890012356408,457.14988061664377,-2.377880616643779
37,22,59,484.862,487.2250655627595,-2.3630655627594592,486.29657875410726,-1.4345787541072355
19,16,35,298.8247885,299.56216485509617,-0.7373763550961598,297.93615650123223,0.888631998767778
22,17,39,331.2817248,333.77100749774115,-2.489282697741146,333.1730291768131,-1.891304376813082
19,21,40,326.946788,329.4691604446785,-2.522372444678467,327.8773833427234,-0.9305953427233931
76,43,119,966.994,964.0476283816928,2.9463716183072393,967.4911986402374,-0.49719864023734317
35,34,69,586.7558657999999,582.9630172255647,3.7928485744351974,587.3121722883692,-0.5563064883692732
25,30,55,434.72,441.3049636935756,-6.58496369357556,434.23578327637136,0.48421672362866275
26,17,43,357.9262896,362.15180846778816,-4.225518867788139,358.4148316081744,-0.4885420081743632
44,25,69,562.695,564.476631960691,-1.781631960690902,562.4786092470976,0.2163907529024982
16,20,36,281.3716764,283.14952481081104,-1.777848410811032,278.9253724661756,2.4463039338244243
76,44,120,983.88,980.5883246543859,3.291675345614067,984.2614642519458,-0.38146425194577205
67,39,106,870.79,871.2013787036436,-0.41137870364366336,870.986686942425,-0.1966869424250035
28,26,54,471.7647683999999,462.0410685987175,9.723699801282407,470.5317749826253,1.2329934173746437
47,26,73,592.833,593.747070952128,-0.914070952127986,591.8239174958177,1.0090825041822882
63,42,105,891.960615,894.7030809967769,-2.7424659967769003,891.8320265054826,0.12858849451731658
82,47,129,1056.252,1049.5410483428514,6.710951657148598,1056.232015911564,0.0199840884358764
41,35,76,656.327108,653.1322196418434,3.194888358156504,656.7472821515361,-0.42017415153611637
49,46,95,800.7531665,804.303636147307,-3.5504696473069544,801.0831294645716,-0.32996296457156404
31,26,57,499.9061253,490.9990369842748,8.907088315725161,498.2250103555336,1.681114944466401
61,38,99,831.8498265,832.767564733196,-0.9177382331960189,831.1193559490782,0.7304705509217229
28,24,52,456.3517192,448.3409127595654,8.010806440434578,455.02744570321903,1.324273496780961
76,42,118,951.906,948.0848585332872,3.8211414667127883,952.9261835794631,-1.0201835794631506
71,40,111,901.098,900.1755836957028,0.922416304297144,900.8455853861024,0.25241461389759934
45,33,78,676.562328,673.0129454350625,3.5493825649374457,676.5795182389397,-0.01719023893974736
75,41,116,929.392,929.8551235626795,-0.4631235626794705,930.2814046861181,-0.8894046861180414
15,20,35,261.66,267.6131825709913,-5.95318257099126,259.6047920707969,2.0552079292031067
48,35,83,721.5509716,718.0229197652825,3.5280518347175303,721.0841555414581,0.46681605854189456
72,47,119,1002.3622994,1006.7730209520307,-4.410721552030736,1003.1259733699285,-0.7636739699285044
47,41,88,754.3713144,756.8653802156243,-2.494065815624367,754.848857860674,-0.47754346067404185
52,37,89,771.1128655000001,768.9778188941343,2.1350466058657958,769.8421705882755,1.270694911724604
20,28,48,347.328,360.7831247995211,-13.455124799521116,345.46530197183927,1.8626980281607075
52,38,90,782.6403870000001,779.3204853851487,3.31990161485146,781.0938903388134,1.5464966611867794
49,44,93,793.4260311,796.1847495629966,-2.7587184629965122,793.7334514996463,-0.30742039964627565
51,40,91,791.0916558999999,789.7130028465954,1.3786530534044914,789.8193661771007,1.2722897228991314
37,21,58,467.1867288,472.66543950799297,-5.478710707992946,467.47412501210505,-0.28739621210502264
42,28,70,602.300419,594.7596607060842,7.540758293915815,604.0928277518046,-1.7924087518046008
84,50,134,1108.8730346,1100.6021179228037,8.270916677196283,1107.9401673802745,0.9328672197254946
51,31,82,690.5260508,687.0775070500293,3.4485437499706677,689.399829738389,1.126221061610977
53,38,91,788.4127068999999,786.3952612003337,2.0174456996661547,785.9914891029196,2.421217797080317
66,46,112,954.320696,958.0837980666428,-3.763102066642773,955.3308441642879,-1.010148164287898
74,42,116,944.588,941.7451988431485,2.842801156851465,945.2313399313074,-0.6433399313074233
73,45,118,982.0967602,985.2825130280291,-3.1857528280291945,982.0992287096599,-0.0024685096599341705
43,36,79,683.9119269999999,680.7293969970808,3.1825300029190657,684.2942024665524,-0.3822754665525281
58,42,100,860.46626,861.4213493688109,-0.9550893688108317,860.2535059431347,0.21275405686537852
26,12,38,263.264,257.0156563441015,6.248343655898509,264.0580619604488,-0.7940619604488006
38,36,74,631.4448860000001,625.5468853362148,5.898000663785297,631.2389614608422,0.205924539157877
28,23,51,445.8463452,440.44957346876214,5.396771731237834,444.9219024330012,0.9244427669987658
37,37,74,620.2467101999999,618.608855415398,1.6378547846019273,619.8844385908814,0.36227160911857936
47,30,77,656.8102848999999,650.7050425920982,6.10524230790179,656.240646142036,0.5696387579639577
63,50,113,961.2697221,966.9927927670589,-5.723070667058892,962.5728964075283,-1.3031743075283657
31,29,60,519.936282,511.9756476628184,7.960634337181602,519.8829067080299,0.05337529197015556
23,17,40,337.11064,341.1408580517944,-4.030218051794407,339.29507003623644,-2.1844300362364493
20,26,46,349.738,358.74332295621144,-9.005322956211444,349.15251101661187,0.5854889833881316
68,47,115,976.4138595,982.1464122710213,-5.732552771021346,977.8385908184434,-1.4247313184434915
29,21,50,431.673735,429.70449518001595,1.9692398199840682,430.29001581342743,1.3837191865725913
67,50,117,995.624604,1002.1455113772138,-6.520907377213803,997.3034637003655,-1.6788597003654786
55,46,101,864.6473044,867.1645207958969,-2.5172163958968667,863.3376218690013,1.3096825309987707
24,17,41,344.9313313,348.06790518256224,-3.1365738825622316,346.41313334640296,-1.4818020464029473
83,49,132,1089.4905384,1084.137098410315,5.353439989685057,1091.1926131254588,-1.702074725458715
27,24,51,444.3116073,438.8613593751029,5.4502479248970985,443.5139008240151,0.79770647598491
37,31,68,591.682926,585.5245641844801,6.158361815519811,592.5436323628936,-0.8607063628936658
54,33,87,732.0051327,728.3652567165765,3.639875983423508,730.7793921215842,1.2257405784157527
63,47,110,938.531979,945.2638110099093,-6.73183200990934,940.3463061625198,-1.8143271625198167
11,16,27,187.92,186.10078252157362,1.819217478426367,187.6713274161619,0.24867258383810054
43,38,81,695.5757145,693.8348572882019,1.7408572117981294,695.1303571877154,0.4453573122846137
38,27,65,562.697512,556.9898566091855,5.707655390814466,562.7929227423649,-0.09541074236494751
86,49,135,1098.36,1088.4505881020377,9.909411897962173,1098.4707591886709,-0.11075918867095425
17,18,35,291.46117350000003,288.94101161186325,2.5201618881367835,290.9013853373076,0.5597881626924277
35,29,64,559.3007104,551.3381589113724,7.962551488627582,559.674612257208,-0.3739018572080113
70,48,118,1001.56453,1005.9769798701169,-4.412449870116916,1003.3342504902165,-1.769720490216514
42,39,81,688.9781511,687.2431357410302,1.7350153589698039,688.2652542610582,0.7128968389417878
62,41,103,874.298196,877.0411940421603,-2.742998042160366,874.4768202802667,-0.1786242802667175
26,30,56,453.936,456.225834347388,-2.289834347388023,452.59257863830396,1.3434213616960164
32,33,65,545.7552815,543.9712976307213,1.7839838692786998,545.9413153767148,-0.18603387671475957
40,33,73,634.3415226999999,628.9067046529859,5.434818047014005,635.1960667167162,-0.8545440167163179
37,34,71,609.6103026000001,604.9182636296781,4.69203897032196,609.623970139358,-0.013667539357925307
38,32,70,610.519196,602.4045380025765,8.114657997423478,610.8264399593539,-0.3072439593539684
29,33,62,499.038,507.98975665907153,-8.95175665907152,498.84507805001294,0.1929219499870669
32,16,48,362.496,385.2154300387772,-22.719430038777205,360.38043129075845,2.115568709241529
61,45,106,906.7167602,911.9502404922865,-5.233480292286572,907.4968889444992,-0.7801287444992795
50,29,79,657.354102,653.7117170804638,3.642384919536198,655.5347393738934,1.8193626261065674
39,30,69,601.8684459000001,594.6939103621131,7.174535537886982,603.2768501252881,-1.4084042252879954
50,31,81,687.1519656,682.8116805698579,4.340285030142127,686.1842987080063,0.9676668919937583
33,35,68,560.252,563.1126063937163,-2.8606063937163526,560.6578601793013,-0.40586017930138496
52,30,82,680.691635,673.8004809763618,6.891154023638251,680.0334873255082,0.6581476744918291
11,13,24,183.5899344,185.78073680237762,-2.1908024023776136,185.29226626628034,-1.702331866280332
51,42,93,804.5810835,804.6127026657621,-0.03161916576209478,803.663163878456,0.9179196215440015
41,37,78,667.5513936,665.1833996685234,2.367993931476576,667.1361040730173,0.4152895269826331
48,45,93,784.4387715,788.2703888049974,-3.831617304997394,784.2190338439506,0.21973765604946038
